<?xml version="1.0" encoding="UTF-8"?>
<jobs xmlns="http://www.demandware.com/xml/impex/jobs/2015-07-01">
    <job job-id="ReflektionCategoryFeedExport" priority="0">
        <description>Export category data to CSV and uploads the file to Reflektion.  Executes script reflektionCategoryFeedExport.js Execute method.</description>
        <parameters/>
        <split sequential="false">
            <flow>
                <context site-id="RefArch"/>
                <template-ref template-id="template_75"/>
            </flow>
            <flow>
                <context site-id="RefArchGlobal"/>
                <template-ref template-id="template_75"/>
            </flow>
            <flow>
                <context site-id="SiteGenesis"/>
                <template-ref template-id="template_75"/>
            </flow>
            <flow>
                <context site-id="SiteGenesisGlobal"/>
                <template-ref template-id="template_75"/>
            </flow>
            <flow-template template-id="template_75">
                <step step-id="Category Feed" type="ExecuteScriptModule" enforce-restart="false">
                    <description>Export category data to CSV and uploads the file to Reflektion.  Executes script reflektionCategoryFeedExport.js Execute method.</description>
                    <parameters>
                        <parameter name="ExecuteScriptModule.Module">int_reflektion/cartridge/scripts/jobs/reflektionCategoryFeedExport.js</parameter>
                        <parameter name="ExecuteScriptModule.FunctionName">execute</parameter>
                        <parameter name="ExecuteScriptModule.Transactional">false</parameter>
                    </parameters>
                </step>
            </flow-template>
        </split>
        <rules/>
        <triggers>
            <run-recurring enabled="true">
                <recurrence>
                    <date-from>2019-08-27Z</date-from>
                    <start-time>03:45:00.000Z</start-time>
                    <interval>1d</interval>
                    <day-of-week>
                        <weekday>Monday</weekday>
                        <weekday>Thursday</weekday>
                        <weekday>Sunday</weekday>
                        <weekday>Wednesday</weekday>
                        <weekday>Friday</weekday>
                        <weekday>Tuesday</weekday>
                        <weekday>Saturday</weekday>
                    </day-of-week>
                </recurrence>
            </run-recurring>
        </triggers>
    </job>

    <job job-id="ReflektionProductFeedExport" priority="0">
        <description>Export product data to CSV and uploads the file to Reflektion.  Executes script reflektionProductFeedExport.js Execute method.</description>
        <parameters/>
        <split sequential="false">
            <flow>
                <context site-id="RefArch"/>
                <template-ref template-id="template_146"/>
            </flow>
            <flow>
                <context site-id="RefArchGlobal"/>
                <template-ref template-id="template_146"/>
            </flow>
            <flow>
                <context site-id="SiteGenesis"/>
                <template-ref template-id="template_146"/>
            </flow>
            <flow>
                <context site-id="SiteGenesisGlobal"/>
                <template-ref template-id="template_146"/>
            </flow>
            <flow-template template-id="template_146">
                <step step-id="Product Feed" type="ExecuteScriptModule" enforce-restart="false">
                    <description>Export product data to CSV and uploads the file to Reflektion.  Executes script reflektionProductFeedExport.js Execute method.</description>
                    <parameters>
                        <parameter name="ExecuteScriptModule.Module">int_reflektion/cartridge/scripts/jobs/reflektionProductFeedExport.js</parameter>
                        <parameter name="ExecuteScriptModule.FunctionName">execute</parameter>
                        <parameter name="ExecuteScriptModule.Transactional">false</parameter>
                    </parameters>
                </step>
            </flow-template>
        </split>
        <rules/>
        <triggers>
            <run-recurring enabled="true">
                <recurrence>
                    <date-from>2019-08-23Z</date-from>
                    <start-time>03:30:00.000Z</start-time>
                    <interval>1d</interval>
                    <day-of-week>
                        <weekday>Monday</weekday>
                        <weekday>Thursday</weekday>
                        <weekday>Sunday</weekday>
                        <weekday>Wednesday</weekday>
                        <weekday>Friday</weekday>
                        <weekday>Tuesday</weekday>
                        <weekday>Saturday</weekday>
                    </day-of-week>
                </recurrence>
            </run-recurring>
        </triggers>
    </job>

</jobs>