<?xml version="1.0" encoding="UTF-8"?>
<services xmlns="http://www.demandware.com/xml/impex/services/2014-09-26">
    <service-credential service-credential-id="reflektion.sftp.RefArch">
        <url>12345673-sftp.rfksrv.com</url>
        <user-id>sfccintegration3</user-id>
    </service-credential>

    <service-credential service-credential-id="reflektion.sftp.RefArchGlobal">
        <url>12345674-sftp.rfksrv.com</url>
        <user-id>sfccintegration4</user-id>
    </service-credential>

    <service-credential service-credential-id="reflektion.sftp.SiteGenesis">
        <url>123456789-sftp.rfksrv.com</url>
        <user-id>sfccintegration</user-id>
    </service-credential>

    <service-credential service-credential-id="reflektion.sftp.SiteGenesisGlobal">
        <url>12345672-sftp.rfksrv.com</url>
        <user-id>sfccintegration2</user-id>
    </service-credential>

    <service-profile service-profile-id="reflektion.sftp">
        <timeout-millis>5000</timeout-millis>
        <rate-limit-enabled>false</rate-limit-enabled>
        <rate-limit-calls>0</rate-limit-calls>
        <rate-limit-millis>0</rate-limit-millis>
        <cb-enabled>true</cb-enabled>
        <cb-calls>1</cb-calls>
        <cb-millis>5000</cb-millis>
    </service-profile>

    <service service-id="reflektion.sftp">
        <service-type>SFTP</service-type>
        <enabled>true</enabled>
        <log-prefix>reflektion-sftp</log-prefix>
        <comm-log-enabled>false</comm-log-enabled>
        <force-prd-enabled>false</force-prd-enabled>
        <mock-mode-enabled>false</mock-mode-enabled>
        <profile-id>reflektion.sftp</profile-id>
        <credential-id/>
    </service>

</services>
