<?xml version="1.0" encoding="UTF-8"?>
<custom-objects xmlns="http://www.demandware.com/xml/impex/customobject/2006-10-31">
    <custom-object type-id="EmarsysTransactionalEmailsConfig" object-id="orderCancelledConf">
        <object-attribute attribute-id="externalEvent">12678</object-attribute>
        <object-attribute attribute-id="mappedFields">[{"field":"product.price.currencyCode","placeholder":"currency"},{"field":"product.url","placeholder":"product_url"},{"field":"orderRebate.display","placeholder":"order_rebate"},{"field":"product.rebate","placeholder":"product_rebate"},{"field":"billingAddress.address1","placeholder":"b_address_1"},{"field":"shippingAddress.postalCode","placeholder":"b_address_zip"},{"field":"billingAddress.city","placeholder":"b_address_city"},{"field":"billingAddress.countryCode.displayValue","placeholder":"b_address_country"},{"field":"order.orderNo","placeholder":"order_number"},{"field":"order.creationDate","placeholder":"order_date"},{"field":"deliveryMethod.display","placeholder":"delivery_method"},{"field":"paymentMethod.display","placeholder":"payment_method"},{"field":"shippingCosts.display","placeholder":"shipping_costs"},{"field":"order.totalNetPrice","placeholder":"net_sum"},{"field":"order.totalTax","placeholder":"taxes"},{"field":"product.productName","placeholder":"product_name"},{"field":"product.quantityValue","placeholder":"quantity"},{"field":"product.adjustedPrice","placeholder":"price"},{"field":"trackingNumber","placeholder":"tracking_number"},{"field":"custom.shippingCompany","placeholder":"shipping_company"},{"field":"custom.arrivalDate","placeholder":"arrival_date"},{"field":"custom.trackingLink","placeholder":"tracking_link"}]</object-attribute>
    </custom-object>

    <custom-object type-id="EmarsysTransactionalEmailsConfig" object-id="orderconf">
        <object-attribute attribute-id="externalEvent">12434</object-attribute>
        <object-attribute attribute-id="mappedFields">[{"field":"product.price.currencyCode","placeholder":"product_price_currency"},{"field":"order.orderNo","placeholder":"order_number"},{"field":"order.customerEmail","placeholder":"customer_email"},{"field":"shippingAddress.address1","placeholder":"shipping_address_1"},{"field":"product.rebate","placeholder":"product_rebate"},{"field":"order.creationDate","placeholder":"order_date"}]</object-attribute>
    </custom-object>

    <custom-object type-id="EmarsysTransactionalEmailsConfig" object-id="shipping">
        <object-attribute attribute-id="externalEvent">5633</object-attribute>
        <object-attribute attribute-id="mappedFields">[{"field":"product.price.currencyCode","placeholder":"currency"},{"field":"product.url","placeholder":"product_url"},{"field":"orderRebate.display","placeholder":"order_rebate"},{"field":"product.rebate","placeholder":"product_rebate"},{"field":"billingAddress.address1","placeholder":"b_address_1"},{"field":"shippingAddress.postalCode","placeholder":"b_address_zip"},{"field":"billingAddress.city","placeholder":"b_address_city"},{"field":"billingAddress.countryCode.displayValue","placeholder":"b_address_country"},{"field":"order.orderNo","placeholder":"order_number"},{"field":"order.creationDate","placeholder":"order_date"},{"field":"deliveryMethod.display","placeholder":"delivery_method"},{"field":"paymentMethod.display","placeholder":"payment_method"},{"field":"shippingCosts.display","placeholder":"shipping_costs"},{"field":"order.totalNetPrice","placeholder":"net_sum"},{"field":"order.totalTax","placeholder":"taxes"},{"field":"product.productName","placeholder":"product_name"},{"field":"product.quantityValue","placeholder":"quantity"},{"field":"product.adjustedPrice","placeholder":"price"},{"field":"trackingNumber","placeholder":"tracking_number"},{"field":"custom.shippingCompany","placeholder":"shipping_company"},{"field":"custom.arrivalDate","placeholder":"arrival_date"},{"field":"custom.trackingLink","placeholder":"tracking_link"}]</object-attribute>
    </custom-object>

</custom-objects>
