<?xml version="1.0" encoding="UTF-8"?>
<metadata xmlns="http://www.demandware.com/xml/impex/metadata/2006-10-31">
    <type-extension type-id="SitePreferences">
        <custom-attribute-definitions>
            <attribute-definition attribute-id="rfkCartRec">
                <display-name xml:lang="x-default">Reflektion Cart rec rfkid</display-name>
                <description xml:lang="x-default">Leave empty to suppress functionality.</description>
                <type>string</type>
                <mandatory-flag>false</mandatory-flag>
                <externally-managed-flag>false</externally-managed-flag>
                <min-length>0</min-length>
            </attribute-definition>
            <attribute-definition attribute-id="rfkCategoryFeedUploadEnabled">
                <display-name xml:lang="x-default">Reflektion Category Feed Upload Enabled</display-name>
                <description xml:lang="x-default">If true, then upload the category feed after it is exported.</description>
                <type>boolean</type>
                <mandatory-flag>false</mandatory-flag>
                <externally-managed-flag>false</externally-managed-flag>
                <default-value>false</default-value>
            </attribute-definition>
            <attribute-definition attribute-id="rfkCategoryRec">
                <display-name xml:lang="x-default">Reflektion Category rec rfkid</display-name>
                <description xml:lang="x-default">Leave empty to suppress functionality.</description>
                <type>string</type>
                <mandatory-flag>false</mandatory-flag>
                <externally-managed-flag>false</externally-managed-flag>
                <min-length>0</min-length>
            </attribute-definition>
            <attribute-definition attribute-id="rfkCurrencyMap">
                <display-name xml:lang="x-default">Reflektion Currency Map</display-name>
                <description xml:lang="x-default">JSON config that maps locale code to currency code.</description>
                <type>text</type>
                <mandatory-flag>false</mandatory-flag>
                <externally-managed-flag>false</externally-managed-flag>
            </attribute-definition>
            <attribute-definition attribute-id="rfkCustomAttributes">
                <display-name xml:lang="x-default">Reflektion Custom Attributes</display-name>
                <description xml:lang="x-default">Comma-delimited list of product custom attribute IDs to include in the product feed</description>
                <type>string</type>
                <mandatory-flag>false</mandatory-flag>
                <externally-managed-flag>false</externally-managed-flag>
                <min-length>0</min-length>
            </attribute-definition>
            <attribute-definition attribute-id="rfkCustomerKey">
                <display-name xml:lang="x-default">Reflektion Customer Key</display-name>
                <description xml:lang="x-default">Customer Key in Reflektion</description>
                <type>string</type>
                <mandatory-flag>false</mandatory-flag>
                <externally-managed-flag>false</externally-managed-flag>
                <min-length>0</min-length>
            </attribute-definition>
            <attribute-definition attribute-id="rfkEnabled">
                <display-name xml:lang="x-default">Reflektion Enabled</display-name>
                <description xml:lang="x-default">Enable Reflektion site functionality and exports.</description>
                <type>boolean</type>
                <mandatory-flag>false</mandatory-flag>
                <externally-managed-flag>false</externally-managed-flag>
                <default-value>false</default-value>
            </attribute-definition>
            <attribute-definition attribute-id="rfkEnvironment">
                <display-name xml:lang="x-default">Reflektion Environment</display-name>
                <description xml:lang="x-default">Reflektion environment to use.  UAT or PROD.</description>
                <type>enum-of-string</type>
                <mandatory-flag>false</mandatory-flag>
                <externally-managed-flag>false</externally-managed-flag>
                <value-definitions>
                    <value-definition>
                        <display xml:lang="x-default">UAT</display>
                        <value>UAT</value>
                    </value-definition>
                    <value-definition>
                        <display xml:lang="x-default">PROD</display>
                        <value>PROD</value>
                    </value-definition>
                </value-definitions>
            </attribute-definition>
            <attribute-definition attribute-id="rfkExcludeLocales">
                <display-name xml:lang="x-default">Reflektion Exclude Locales</display-name>
                <description xml:lang="x-default">Comma-delimited list of site locales to exclude from the product and category feeds. ex. default,en_US</description>
                <type>string</type>
                <mandatory-flag>false</mandatory-flag>
                <externally-managed-flag>false</externally-managed-flag>
                <min-length>0</min-length>
            </attribute-definition>
            <attribute-definition attribute-id="rfkFeedExportPath">
                <display-name xml:lang="x-default">Reflektion Feed Export Path</display-name>
                <description xml:lang="x-default">SFCC path to export product and category feeds.</description>
                <type>string</type>
                <mandatory-flag>false</mandatory-flag>
                <externally-managed-flag>false</externally-managed-flag>
                <min-length>0</min-length>
                <default-value>reflektion</default-value>
            </attribute-definition>
            <attribute-definition attribute-id="rfkFeedUploadPath">
                <display-name xml:lang="x-default">Reflektion Feed Upload Path</display-name>
                <description xml:lang="x-default">Remote path to upload the product and category feeds to.</description>
                <type>string</type>
                <mandatory-flag>false</mandatory-flag>
                <externally-managed-flag>false</externally-managed-flag>
                <min-length>0</min-length>
                <default-value>upload</default-value>
            </attribute-definition>
            <attribute-definition attribute-id="rfkFilenamePrefix">
                <display-name xml:lang="x-default">Reflektion Filename Prefix</display-name>
                <description xml:lang="x-default">Used as the filename prefix to the product and category feeds.</description>
                <type>string</type>
                <mandatory-flag>false</mandatory-flag>
                <externally-managed-flag>false</externally-managed-flag>
                <min-length>0</min-length>
            </attribute-definition>
            <attribute-definition attribute-id="rfkFullPageSearch">
                <display-name xml:lang="x-default">Reflektion Full Page Search rfkid</display-name>
                <description xml:lang="x-default">Leave empty to suppress functionality.</description>
                <type>string</type>
                <mandatory-flag>false</mandatory-flag>
                <externally-managed-flag>false</externally-managed-flag>
                <min-length>0</min-length>
            </attribute-definition>
            <attribute-definition attribute-id="rfkHomepageRec">
                <display-name xml:lang="x-default">Reflektion Home page Rec rfkid</display-name>
                <description xml:lang="x-default">Leave empty to suppress functionality.</description>
                <type>string</type>
                <mandatory-flag>false</mandatory-flag>
                <externally-managed-flag>false</externally-managed-flag>
                <min-length>0</min-length>
            </attribute-definition>
            <attribute-definition attribute-id="rfkLocalizedCustomAttributes">
                <display-name xml:lang="x-default">Reflektion Localized Custom Attributes</display-name>
                <description xml:lang="x-default">Comma-delimited list of product custom attribute IDs to include as localized fields in the product feed.  Must be a subset of rfkCustomAttributes.</description>
                <type>string</type>
                <mandatory-flag>false</mandatory-flag>
                <externally-managed-flag>false</externally-managed-flag>
                <min-length>0</min-length>
            </attribute-definition>
            <attribute-definition attribute-id="rfkNoSearchResultsRec">
                <display-name xml:lang="x-default">Reflektion No Search Results rec rfkid</display-name>
                <description xml:lang="x-default">Leave empty to suppress functionality.</description>
                <type>string</type>
                <mandatory-flag>false</mandatory-flag>
                <externally-managed-flag>false</externally-managed-flag>
                <min-length>0</min-length>
            </attribute-definition>
            <attribute-definition attribute-id="rfkPDPRec">
                <display-name xml:lang="x-default">Reflektion PDP rec rfkid</display-name>
                <description xml:lang="x-default">Leave empty to suppress functionality.</description>
                <type>string</type>
                <mandatory-flag>false</mandatory-flag>
                <externally-managed-flag>false</externally-managed-flag>
                <min-length>0</min-length>
            </attribute-definition>
            <attribute-definition attribute-id="rfkPDPRec2">
                <display-name xml:lang="x-default">Reflektion PDP rec 2 rfkid</display-name>
                <description xml:lang="x-default">Leave empty to suppress functionality.</description>
                <type>string</type>
                <mandatory-flag>false</mandatory-flag>
                <externally-managed-flag>false</externally-managed-flag>
                <min-length>0</min-length>
            </attribute-definition>
            <attribute-definition attribute-id="rfkPRODBeacon">
                <display-name xml:lang="x-default">RFK PROD Beacon</display-name>
                <description xml:lang="x-default">Production Beacon Source URL.  DOMAIN_HASH and RFK_CUSTOMER_KEY placeholders will be replaced.</description>
                <type>string</type>
                <mandatory-flag>false</mandatory-flag>
                <externally-managed-flag>false</externally-managed-flag>
                <min-length>0</min-length>
                <default-value>https://DOMAIN_HASH-prod.rfksrv.com/rfk/js/RFK_CUSTOMER_KEY/init.js</default-value>
            </attribute-definition>
            <attribute-definition attribute-id="rfkProductFeedImageType">
                <display-name xml:lang="x-default">Reflektion Product Feed Image Type</display-name>
                <description xml:lang="x-default">Product Image Type to use for Product Feed image_url</description>
                <type>string</type>
                <mandatory-flag>false</mandatory-flag>
                <externally-managed-flag>false</externally-managed-flag>
                <min-length>0</min-length>
            </attribute-definition>
            <attribute-definition attribute-id="rfkProductFeedUploadEnabled">
                <display-name xml:lang="x-default">Reflektion Product Feed Upload Enabled</display-name>
                <description xml:lang="x-default">If true, then upload the product feed after it is exported.</description>
                <type>boolean</type>
                <mandatory-flag>false</mandatory-flag>
                <externally-managed-flag>false</externally-managed-flag>
                <default-value>false</default-value>
            </attribute-definition>
            <attribute-definition attribute-id="rfkSimpleSearch">
                <display-name xml:lang="x-default">Reflektion Simple Search rfkid</display-name>
                <description xml:lang="x-default">Leave empty to suppress functionality.</description>
                <type>string</type>
                <mandatory-flag>false</mandatory-flag>
                <externally-managed-flag>false</externally-managed-flag>
                <min-length>0</min-length>
            </attribute-definition>
            <attribute-definition attribute-id="rfkUATBeacon">
                <display-name xml:lang="x-default">RFK UAT Beacon</display-name>
                <description xml:lang="x-default">UAT Beacon Source URL.  RFK_CUSTOMER_KEY placeholder will be replaced.</description>
                <type>string</type>
                <mandatory-flag>false</mandatory-flag>
                <externally-managed-flag>false</externally-managed-flag>
                <min-length>0</min-length>
                <default-value>//initjs.uat.rfksrv.com/rfk/js/RFK_CUSTOMER_KEY/init.js</default-value>
            </attribute-definition>
        </custom-attribute-definitions>
        <group-definitions>
            <attribute-group group-id="Reflektion">
                <display-name xml:lang="x-default">Reflektion</display-name>
                <attribute attribute-id="rfkEnabled"/>
                <attribute attribute-id="rfkFilenamePrefix"/>
                <attribute attribute-id="rfkFeedExportPath"/>
                <attribute attribute-id="rfkFeedUploadPath"/>
                <attribute attribute-id="rfkProductFeedImageType"/>
                <attribute attribute-id="rfkProductFeedUploadEnabled"/>
                <attribute attribute-id="rfkCategoryFeedUploadEnabled"/>
                <attribute attribute-id="rfkEnvironment"/>
                <attribute attribute-id="rfkCustomerKey"/>
                <attribute attribute-id="rfkSimpleSearch"/>
                <attribute attribute-id="rfkFullPageSearch"/>
                <attribute attribute-id="rfkHomepageRec"/>
                <attribute attribute-id="rfkPDPRec"/>
                <attribute attribute-id="rfkPDPRec2"/>
                <attribute attribute-id="rfkCategoryRec"/>
                <attribute attribute-id="rfkCartRec"/>
                <attribute attribute-id="rfkNoSearchResultsRec"/>
                <attribute attribute-id="rfkCustomAttributes"/>
                <attribute attribute-id="rfkLocalizedCustomAttributes"/>
                <attribute attribute-id="rfkExcludeLocales"/>
                <attribute attribute-id="rfkCurrencyMap"/>
                <attribute attribute-id="rfkUATBeacon"/>
                <attribute attribute-id="rfkPRODBeacon"/>
            </attribute-group>
        </group-definitions>
    </type-extension>

</metadata>
